{
  "roll_dice": 0,
  "definition": 1,
  "who_made_you": 2,
  "flip_coin": 3,
  "car_rental": 4,
  "whisper_mode": 5,
  "food_last": 6,
  "pto_request_status": 7,
  "oil_change_how": 8,
  "pto_used": 9,
  "yes": 10,
  "insurance": 11,
  "what_is_your_name": 12,
  "repeat": 13,
  "card_declined": 14,
  "pay_bill": 15,
  "user_name": 16,
  "mpg": 17,
  "are_you_a_bot": 18,
  "schedule_maintenance": 19,
  "restaurant_reviews": 20,
  "account_blocked": 21,
  "change_user_name": 22,
  "rewards_balance": 23,
  "tire_pressure": 24,
  "find_phone": 25,
  "transfer": 26,
  "improve_credit_score": 27,
  "tire_change": 28,
  "new_card": 29,
  "order": 30,
  "shopping_list": 31,
  "calories": 32,
  "restaurant_suggestion": 33,
  "cancel_reservation": 34,
  "recipe": 35,
  "tell_joke": 36,
  "credit_limit_change": 37,
  "calculator": 38,
  "last_maintenance": 39,
  "change_speed": 40,
  "gas_type": 41,
  "apr": 42,
  "timezone": 43,
  "meeting_schedule": 44,
  "change_accent": 45,
  "text": 46,
  "direct_deposit": 47,
  "spending_history": 48,
  "flight_status": 49,
  "todo_list_update": 50,
  "book_hotel": 51,
  "date": 52,
  "calendar_update": 53,
  "bill_due": 54,
  "goodbye": 55,
  "how_busy": 56,
  "distance": 57,
  "change_language": 58,
  "book_flight": 59,
  "cook_time": 60,
  "traffic": 61,
  "reminder_update": 62,
  "share_location": 63,
  "no": 64,
  "report_fraud": 65,
  "interest_rate": 66,
  "plug_type": 67,
  "pto_balance": 68,
  "redeem_rewards": 69,
  "next_song": 70,
  "confirm_reservation": 71,
  "pin_change": 72,
  "next_holiday": 73,
  "what_can_i_ask_you": 74,
  "where_are_you_from": 75,
  "travel_suggestion": 76,
  "accept_reservations": 77,
  "jump_start": 78,
  "restaurant_reservation": 79,
  "shopping_list_update": 80,
  "reminder": 81,
  "maybe": 82,
  "play_music": 83,
  "application_status": 84,
  "make_call": 85,
  "gas": 86,
  "spelling": 87,
  "ingredients_list": 88,
  "measurement_conversion": 89,
  "sync_device": 90,
  "lost_luggage": 91,
  "balance": 92,
  "translate": 93,
  "schedule_meeting": 94,
  "insurance_change": 95,
  "international_fees": 96,
  "damaged_card": 97,
  "reset_settings": 98,
  "meaning_of_life": 99,
  "international_visa": 100,
  "do_you_have_pets": 101,
  "cancel": 102,
  "update_playlist": 103,
  "what_song": 104,
  "uber": 105,
  "travel_notification": 106,
  "thank_you": 107,
  "order_status": 108,
  "vaccines": 109,
  "directions": 110,
  "payday": 111,
  "change_ai_name": 112,
  "pto_request": 113,
  "greeting": 114,
  "replacement_card_duration": 115,
  "calendar": 116,
  "expiration_date": 117,
  "smart_home": 118,
  "current_location": 119,
  "order_checks": 120,
  "time": 121,
  "report_lost_card": 122,
  "credit_limit": 123,
  "oil_change_when": 124,
  "fun_fact": 125,
  "income": 126,
  "rollover_401k": 127,
  "ingredient_substitution": 128,
  "how_old_are_you": 129,
  "nutrition_info": 130,
  "freeze_account": 131,
  "change_volume": 132,
  "todo_list": 133,
  "who_do_you_work_for": 134,
  "w2": 135,
  "alarm": 136,
  "meal_suggestion": 137,
  "travel_alert": 138,
  "exchange_rate": 139,
  "transactions": 140,
  "carry_on": 141,
  "what_are_your_hobbies": 142,
  "weather": 143,
  "timer": 144,
  "taxes": 145,
  "routing": 146,
  "credit_score": 147,
  "min_payment": 148,
  "bill_balance": 149
}